Unnamed: 0,county name,state,county_population_increased_2015_2016,year,female_total_population,female_age_under_5_pct,female_age_5_to_9_pct,female_age_10_to_14_pct,female_age_15_to_19_pct,female_age_20_to_24_pct,female_age_25_to_29_pct,female_age_30_to_34_pct,female_age_35_to_39_pct,female_age_40_to_44_pct,female_age_45_to_49_pct,female_age_50_to_54_pct,female_age_55_to_59_pct,female_age_60_to_64_pct,female_age_65_to_69_pct,female_age_70_to_74_pct,female_age_75_to_79_pct,female_age_80_to_84_pct,female_age_85_and_over_pct,male_total_population,male_age_under_5_pct,male_age_5_to_9_pct,male_age_10_to_14_pct,male_age_15_to_19_pct,male_age_20_to_24_pct,male_age_25_to_29_pct,male_age_30_to_34_pct,male_age_35_to_39_pct,male_age_40_to_44_pct,male_age_45_to_49_pct,male_age_50_to_54_pct,male_age_55_to_59_pct,male_age_60_to_64_pct,male_age_65_to_69_pct,male_age_70_to_74_pct,male_age_75_to_79_pct,male_age_80_to_84_pct,male_age_85_and_over_pct
277,Barrow County,Georgia,True,2010,35047,8.3,6.9,5.6,4.3,7.8,8.1,10.4,8.2,6.1,7.4,8.0,3.4,5.9,4.1,2.1,1.9,1.4,0.2,34684,8.9,8.9,9.7,6.6,5.5,6.7,8.1,6.2,6.8,7.0,6.8,5.7,6.3,2.7,2.2,1.0,0.9,0.2
1350,Barrow County,Georgia,True,2011,33843,6.2,7.4,8.1,5.8,5.0,9.4,6.4,9.2,8.4,7.1,5.9,4.9,6.3,4.5,1.4,1.1,2.0,1.1,36069,6.1,11.3,9.6,8.0,2.8,7.2,9.4,7.8,7.4,7.9,5.6,5.0,3.5,3.7,1.9,1.9,0.7,0.3
2219,Barrow County,Georgia,True,2012,34929,6.4,7.7,7.8,4.7,7.0,7.4,7.9,10.3,4.9,6.3,7.3,6.0,4.5,4.2,2.8,2.6,0.9,1.4,35240,8.6,9.9,8.2,6.4,5.5,6.1,8.0,9.0,5.4,7.9,6.0,6.3,4.7,3.0,2.1,1.4,1.1,0.6
3001,Barrow County,Georgia,True,2013,35705,5.8,7.7,7.6,6.6,5.9,6.3,7.1,6.6,7.3,7.5,7.9,5.9,5.4,2.8,4.8,2.0,1.8,1.1,35748,7.4,7.6,9.1,7.3,6.0,7.6,7.4,5.6,7.7,6.8,8.3,5.8,4.5,3.0,2.6,1.6,1.1,0.7
3831,Barrow County,Georgia,True,2014,37888,7.6,8.1,7.4,5.8,5.2,7.2,7.6,6.0,7.1,7.5,6.9,5.1,4.6,4.1,4.2,3.3,2.1,0.2,35352,6.6,8.9,7.3,7.6,6.0,7.5,6.5,7.8,7.4,7.1,7.3,4.4,6.0,4.1,2.5,1.5,0.7,0.8
4127,Barrow County,Georgia,True,2015,38054,6.4,7.7,8.0,5.2,5.7,7.8,7.8,6.2,7.2,6.3,7.6,5.5,5.3,3.2,5.1,2.8,1.0,1.1,37316,7.8,9.3,7.0,6.0,7.9,7.4,7.5,7.7,6.2,6.6,6.5,4.7,4.9,4.3,2.8,1.3,1.2,0.9
278,Bartow County,Georgia,True,2010,51295,7.0,7.7,7.6,6.8,5.3,5.8,7.7,6.8,7.5,7.6,7.5,5.8,4.9,5.7,1.5,1.6,2.2,1.1,48900,5.9,6.7,9.4,8.7,5.6,5.9,7.8,7.6,6.9,8.4,7.0,7.0,4.0,4.4,1.6,1.3,1.2,0.6
1351,Bartow County,Georgia,True,2011,51358,7.6,6.8,9.1,6.9,6.4,5.1,6.0,6.3,9.0,6.9,7.3,7.7,3.4,4.3,2.4,2.6,1.1,1.1,49063,6.7,7.6,7.2,7.8,7.1,5.3,6.7,5.5,8.7,8.2,7.3,5.1,6.8,4.2,2.3,1.9,1.3,0.4
2220,Bartow County,Georgia,True,2012,49961,6.5,6.1,7.6,5.8,5.8,7.2,7.4,6.5,8.6,6.7,6.2,6.5,5.7,5.8,2.1,2.0,2.4,1.2,50700,6.7,9.1,8.3,5.8,5.7,5.4,7.6,7.9,8.5,7.0,6.3,6.5,4.8,3.5,3.3,2.6,1.0,0.0
3002,Bartow County,Georgia,True,2013,50263,4.5,6.0,9.5,8.4,6.8,5.3,6.6,6.9,5.6,7.0,7.4,6.5,4.8,6.4,3.1,2.6,1.9,0.8,51010,4.6,7.1,8.5,8.9,7.0,8.3,5.5,5.9,7.3,8.8,6.1,5.7,4.7,4.6,3.2,2.0,0.9,1.0
3832,Bartow County,Georgia,True,2014,51255,5.6,8.0,6.0,6.5,5.9,7.4,6.7,7.5,5.9,6.9,7.4,7.1,5.5,4.6,3.6,2.6,1.2,1.5,50481,6.3,7.5,7.3,6.8,6.2,6.0,6.2,8.2,6.9,7.8,7.1,5.2,7.3,4.0,3.7,2.4,0.3,0.7
4128,Bartow County,Georgia,True,2015,51601,5.1,5.8,8.5,6.9,6.3,7.0,5.8,7.7,6.5,6.7,7.6,9.4,3.0,4.4,4.3,1.9,1.2,1.9,51146,5.8,7.8,8.6,7.6,7.2,5.8,6.2,7.0,5.2,8.1,7.1,8.4,3.9,4.1,3.7,2.1,0.5,1.0
279,Bibb County,Georgia,False,2010,82702,6.7,6.3,6.4,10.6,4.3,7.0,6.2,5.0,7.1,6.9,7.0,6.3,5.7,4.1,3.0,2.7,2.4,2.2,73013,8.0,6.9,8.2,8.1,8.4,4.9,6.1,6.3,6.2,7.4,7.2,6.8,5.0,4.2,1.9,2.0,1.3,1.2
1352,Bibb County,Georgia,False,2011,82814,7.2,7.8,5.2,7.4,6.6,7.1,6.5,5.3,6.3,6.6,7.0,6.0,6.1,4.1,3.4,2.8,2.4,2.2,73619,8.5,8.8,5.9,7.7,7.5,7.3,6.5,6.2,5.8,6.7,7.0,6.3,5.4,3.1,3.2,2.0,1.5,0.7
2221,Bibb County,Georgia,False,2012,82515,7.2,7.2,5.7,7.3,7.1,6.8,6.4,5.0,6.8,6.2,7.2,7.2,5.0,5.1,2.4,2.2,2.5,2.5,73947,7.5,9.2,6.0,7.5,7.5,7.3,6.8,5.1,6.7,6.2,6.8,7.2,5.0,3.8,2.9,2.0,1.8,0.8
3003,Bibb County,Georgia,False,2013,80915,6.4,5.7,6.9,6.5,7.9,7.6,6.4,6.3,5.2,6.0,6.7,6.9,5.9,4.6,3.5,3.0,1.8,2.5,73806,8.5,7.5,8.1,7.2,7.1,6.6,6.9,6.0,6.2,6.0,6.4,5.1,7.1,3.9,2.9,2.1,1.3,1.1
3833,Bibb County,Georgia,False,2014,81503,6.7,6.2,6.4,6.3,8.2,7.0,6.6,6.0,5.6,5.7,6.5,5.6,7.1,5.6,3.2,2.9,1.9,2.5,72402,7.8,7.4,8.1,7.8,7.2,7.0,6.1,5.4,6.9,6.1,6.3,7.0,5.2,4.5,2.8,1.7,1.3,1.4
4129,Bibb County,Georgia,False,2015,81792,7.0,5.6,6.9,7.1,6.8,7.2,6.4,5.3,6.1,5.7,6.5,7.1,6.0,5.0,3.7,2.8,2.1,2.6,71929,7.3,10.5,4.9,7.3,7.5,7.3,6.2,5.7,6.1,6.1,6.5,6.8,5.6,5.0,2.8,1.9,1.2,1.4
280,Bulloch County,Georgia,True,2010,36184,6.2,7.1,5.5,11.6,18.3,5.6,6.3,3.5,6.2,5.7,5.3,5.4,4.0,3.0,2.0,1.6,0.9,2.0,34545,5.1,6.0,4.9,9.3,24.0,7.7,4.9,4.2,5.3,6.0,5.6,4.8,4.3,2.6,2.7,1.1,1.2,0.3
1353,Bulloch County,Georgia,True,2011,37293,5.2,4.7,6.6,14.1,18.8,6.4,4.7,6.3,4.0,5.4,5.2,5.6,4.0,1.6,3.6,1.9,1.2,0.7,35588,5.6,6.2,4.9,10.9,23.0,6.5,6.3,4.2,4.5,5.5,5.7,5.2,3.1,3.4,1.1,2.7,0.7,0.3
2222,Bulloch County,Georgia,True,2012,36453,5.9,6.7,4.6,11.9,17.7,6.6,4.3,5.5,6.4,4.6,5.4,4.5,4.5,3.5,2.9,2.3,1.5,1.1,36241,4.5,4.9,6.3,14.8,18.7,7.4,5.9,4.1,6.5,4.6,5.1,5.2,3.9,2.3,2.4,1.6,1.0,0.7
3004,Bulloch County,Georgia,True,2013,36499,6.8,7.0,4.6,12.7,14.0,8.1,4.6,3.9,6.5,5.6,6.0,4.4,4.3,3.4,3.1,2.2,1.1,1.8,34715,4.5,4.1,6.6,14.2,16.8,9.1,6.5,4.2,5.2,4.5,6.3,4.3,3.9,3.5,2.7,2.1,0.2,1.0
3834,Bulloch County,Georgia,True,2014,36831,6.0,4.6,5.8,13.8,15.6,6.3,6.0,4.0,6.4,4.9,5.7,5.7,3.9,3.3,2.8,2.4,1.5,1.3,35256,6.2,4.7,7.0,15.6,15.4,6.8,6.3,4.4,4.1,4.6,6.0,3.2,6.2,3.7,2.7,1.2,1.1,0.8
4130,Bulloch County,Georgia,True,2015,37118,6.8,5.0,6.2,11.2,16.3,6.7,4.4,5.5,5.6,4.9,5.7,5.6,4.2,3.3,3.6,2.6,1.3,1.1,35533,4.5,5.2,6.7,13.4,16.7,7.6,5.5,5.8,4.7,4.0,6.3,4.8,4.1,4.0,3.4,1.7,1.2,0.3
282,Carroll County,Georgia,True,2010,56885,6.9,8.5,5.0,7.7,9.4,7.6,5.9,6.2,7.1,6.3,6.3,5.5,5.8,3.6,3.3,2.6,1.6,1.0,53776,7.2,6.2,8.6,9.4,7.5,7.3,6.5,5.5,8.1,7.4,6.2,5.9,4.9,3.7,2.7,1.9,0.7,0.5
1354,Carroll County,Georgia,True,2011,56649,7.2,6.7,5.5,8.6,10.0,5.8,6.9,8.2,4.7,6.3,6.3,7.6,4.1,3.0,4.2,2.3,1.7,1.1,54510,6.8,8.1,8.6,6.9,9.8,6.0,7.6,6.0,5.5,7.5,7.0,6.3,4.5,3.7,2.5,1.9,0.8,0.7
2223,Carroll County,Georgia,True,2012,57241,6.9,7.5,5.8,5.8,11.3,6.0,7.6,4.5,7.2,7.1,5.7,6.8,4.4,4.0,3.7,3.0,1.1,1.7,54339,8.1,7.5,7.0,7.2,9.7,6.3,6.4,4.6,8.4,7.7,5.8,5.1,4.5,5.6,2.7,2.0,0.5,0.8
3005,Carroll County,Georgia,True,2013,58500,6.6,5.8,7.8,9.6,8.2,6.3,7.4,5.8,6.2,5.4,6.5,6.2,4.7,4.5,3.3,3.0,1.4,1.5,53855,5.9,8.4,5.9,9.8,7.2,7.3,5.6,6.1,7.8,7.4,7.1,7.8,3.3,4.8,1.7,2.2,0.9,0.8
3835,Carroll County,Georgia,True,2014,59644,6.2,5.5,9.6,8.4,11.0,6.1,4.9,4.7,7.0,7.0,5.8,4.5,6.1,3.6,3.7,2.7,1.3,1.7,54449,7.2,7.2,5.7,9.6,9.6,6.8,6.3,5.3,7.2,6.1,7.3,6.3,4.6,3.6,3.3,2.3,0.5,1.0
4131,Carroll County,Georgia,True,2015,57606,4.3,6.0,6.5,8.4,10.1,6.3,6.9,6.4,6.7,6.4,6.3,6.4,5.0,4.6,4.1,2.7,1.2,1.7,56939,7.2,8.1,7.1,8.4,9.0,8.2,6.1,5.4,7.1,5.5,6.3,5.7,5.0,3.4,3.8,3.0,0.6,0.2
2224,Catoosa County,Georgia,True,2012,33501,4.8,3.8,9.4,6.5,5.4,5.4,6.6,8.3,6.0,6.9,7.4,6.2,6.5,5.3,3.9,3.1,2.8,1.7,31545,5.5,6.5,9.3,8.2,7.0,5.6,5.7,6.1,7.7,7.3,6.6,6.5,5.3,4.6,3.6,1.5,1.9,1.2
3006,Catoosa County,Georgia,True,2013,33681,4.9,5.5,7.5,5.2,6.2,5.8,6.3,8.3,6.2,6.6,7.1,6.9,6.6,5.6,4.0,2.9,3.0,1.4,31630,5.9,6.0,9.8,8.0,6.1,5.2,5.8,7.5,6.2,7.5,7.0,8.1,3.6,5.8,2.6,2.7,1.1,1.3
3836,Catoosa County,Georgia,True,2014,33096,4.8,5.7,6.5,4.7,6.5,5.7,6.5,7.5,6.3,6.9,7.3,6.4,7.4,6.2,3.8,3.8,2.7,1.1,32525,7.9,7.8,6.8,8.8,4.5,6.0,6.1,4.9,8.7,6.5,6.7,5.6,6.2,2.7,5.8,3.5,0.6,0.9
4132,Catoosa County,Georgia,True,2015,33643,4.7,8.1,3.9,5.9,7.5,5.4,5.3,7.7,4.6,7.2,7.9,6.6,7.0,6.4,3.9,3.0,2.4,2.4,32407,5.1,6.5,6.8,7.0,8.1,7.3,5.7,7.6,4.9,6.4,7.4,5.1,6.5,6.4,3.9,3.9,1.1,0.2
283,Chatham County,Georgia,True,2010,138381,6.6,5.8,5.4,7.3,9.4,8.0,6.5,6.7,5.4,6.3,7.0,6.3,5.2,4.3,2.8,2.2,1.8,3.0,127490,7.2,6.8,5.9,8.1,9.3,8.9,7.2,6.0,6.4,6.5,6.4,5.0,5.6,4.2,2.3,2.1,1.1,1.1
1355,Chatham County,Georgia,True,2011,140599,6.7,5.8,6.1,6.5,9.6,8.0,7.5,6.4,5.1,6.0,6.5,5.5,6.4,3.8,3.5,2.3,2.1,2.2,130945,7.2,6.2,6.3,7.5,9.3,9.2,7.3,6.4,6.2,5.9,6.3,5.9,5.3,3.9,2.6,2.3,1.2,0.9
2225,Chatham County,Georgia,True,2012,142652,6.7,5.9,5.3,7.0,9.1,8.5,7.2,4.4,7.1,5.9,6.7,6.2,5.8,4.3,3.1,2.6,1.8,2.2,133782,7.4,6.0,6.5,6.9,9.9,9.3,7.3,5.2,6.7,6.3,6.2,6.2,4.8,3.8,3.1,2.0,1.3,1.0
3007,Chatham County,Georgia,True,2013,143949,6.8,5.6,5.6,6.6,8.6,8.3,7.9,5.5,6.0,5.7,6.4,6.0,6.3,5.3,3.0,2.9,1.5,2.1,134485,7.2,6.6,6.7,6.7,9.1,9.4,7.6,6.3,5.8,5.9,6.2,5.1,5.6,4.7,2.8,1.8,1.3,1.3
3837,Chatham County,Georgia,True,2014,146359,6.2,5.1,6.6,6.4,8.9,8.2,7.4,6.0,5.9,5.6,6.6,6.8,5.5,4.8,3.5,2.3,1.9,2.5,137020,7.2,6.4,6.7,6.3,9.4,9.1,8.0,6.3,5.5,5.7,6.4,6.3,4.5,4.1,3.4,1.6,1.7,1.2
4133,Chatham County,Georgia,True,2015,148698,6.2,5.0,6.4,6.3,8.3,8.4,7.6,6.3,5.6,5.7,6.3,6.3,6.4,5.1,3.7,2.8,1.8,2.0,138258,7.3,7.3,5.4,6.5,9.4,9.1,7.7,6.3,5.3,6.5,5.8,5.8,5.2,3.9,3.9,2.5,1.3,0.8
284,Cherokee County,Georgia,True,2010,108837,6.9,8.3,7.1,6.0,5.3,5.3,7.4,8.7,7.8,7.9,7.3,6.8,5.0,3.7,2.6,1.8,1.2,0.9,106292,7.3,9.6,7.3,6.9,4.9,6.8,6.3,8.1,8.7,7.9,7.6,5.8,4.5,3.4,2.2,1.3,0.7,0.6
1356,Cherokee County,Georgia,True,2011,111648,7.2,7.2,8.0,6.5,5.0,6.3,6.6,6.9,9.9,7.7,6.7,6.1,5.8,4.2,2.0,1.7,1.2,1.0,106638,7.1,7.4,8.8,6.4,6.4,6.1,7.1,7.2,8.8,8.0,7.3,5.6,5.1,4.1,1.9,1.7,0.6,0.5
2226,Cherokee County,Georgia,True,2012,111481,6.0,7.7,7.4,6.4,4.8,5.9,7.0,8.0,7.5,8.0,7.8,6.5,5.2,5.1,2.4,1.1,1.4,1.6,109834,7.1,9.5,7.2,7.2,5.9,5.1,7.1,6.9,8.0,7.4,8.1,5.6,5.6,4.2,2.2,1.5,1.2,0.3
3008,Cherokee County,Georgia,True,2013,114418,6.4,9.1,6.2,6.1,6.3,5.1,6.4,6.4,9.1,7.8,6.9,6.3,5.1,4.5,3.8,1.9,1.0,1.6,110688,6.6,8.6,7.8,6.5,5.4,5.7,6.9,7.2,8.1,8.1,7.4,5.9,5.0,4.6,2.9,1.8,0.8,0.6
3838,Cherokee County,Georgia,True,2014,116996,6.0,7.1,7.1,6.2,5.9,7.0,6.6,7.6,7.0,7.5,7.6,6.5,5.7,5.2,2.7,2.2,0.8,1.2,113989,6.0,7.9,8.4,6.4,5.6,5.0,7.4,7.0,9.0,7.2,7.4,6.1,5.0,4.9,3.2,1.5,1.5,0.4
4134,Cherokee County,Georgia,True,2015,120179,5.6,7.0,7.4,6.0,5.8,5.8,6.1,8.6,7.0,7.3,7.1,7.8,4.9,4.5,4.0,1.9,1.8,1.2,115721,6.4,6.4,9.2,7.7,6.0,5.3,6.0,7.2,7.2,8.2,7.6,5.8,5.6,4.3,3.3,1.7,1.0,1.1
281,Clarke County,Georgia,True,2010,60810,5.4,5.1,3.6,14.3,20.9,9.3,6.1,5.5,3.6,4.0,4.3,4.1,3.8,2.6,2.4,2.9,1.0,1.2,55858,7.0,5.4,5.1,11.9,18.6,10.0,6.0,6.0,6.5,3.8,4.6,3.7,4.1,2.2,1.5,1.4,1.0,0.9
1357,Clarke County,Georgia,True,2011,61504,5.6,4.5,3.4,15.3,20.5,8.4,5.9,4.4,5.2,3.8,4.8,4.3,3.9,3.2,2.1,1.7,1.3,1.8,55840,5.9,4.6,4.8,8.9,24.2,10.5,7.5,5.4,5.4,4.2,3.9,4.1,3.4,1.6,2.0,2.3,0.5,0.6
2227,Clarke County,Georgia,True,2012,64020,6.5,4.8,4.8,13.1,19.6,8.5,6.2,4.3,5.5,3.9,4.8,3.9,3.8,3.9,1.9,1.7,1.5,1.3,56246,5.2,5.6,4.1,9.5,23.0,9.8,7.4,5.9,5.5,4.6,3.9,3.6,3.9,3.0,1.9,1.3,0.8,0.8
3009,Clarke County,Georgia,True,2013,63344,5.5,5.1,3.3,13.7,18.7,9.1,6.7,5.9,3.7,5.1,3.9,4.7,4.2,3.0,2.6,1.4,1.2,2.0,57921,6.3,4.5,5.5,10.6,21.9,7.9,6.7,6.5,5.7,4.6,4.6,4.2,3.6,2.5,1.9,1.2,1.0,0.8
3839,Clarke County,Georgia,True,2014,62782,4.8,3.3,4.9,16.5,15.6,8.4,7.2,5.2,6.4,3.0,4.3,4.9,4.3,4.4,2.0,1.9,0.6,2.2,58156,5.9,6.2,5.1,11.2,18.5,9.5,5.8,6.8,7.3,3.3,4.0,3.6,4.2,3.3,2.5,1.1,0.9,0.7
4135,Clarke County,Georgia,True,2015,65891,6.2,4.5,4.8,11.0,20.3,8.0,6.7,5.4,5.2,4.0,4.3,5.0,3.9,3.8,2.8,1.2,1.3,1.5,58021,4.7,5.9,4.7,9.9,21.3,8.0,7.8,5.8,5.6,4.1,4.9,4.0,4.7,3.0,2.6,1.3,1.3,0.4
285,Clayton County,Georgia,True,2010,134829,7.9,7.9,6.8,6.9,7.8,7.7,7.8,7.3,7.8,7.7,7.1,6.0,3.7,3.1,1.4,1.0,1.1,0.9,124794,9.1,7.8,8.9,8.9,7.6,7.6,7.5,6.8,7.4,7.2,6.6,4.7,4.2,2.8,1.1,0.9,0.5,0.6
1358,Clayton County,Georgia,True,2011,134771,7.0,7.8,7.3,7.1,8.1,7.0,7.3,8.6,8.1,6.9,6.4,5.3,5.0,2.9,2.1,1.2,0.8,1.0,126761,9.5,6.9,10.5,8.0,8.6,7.2,7.0,7.7,6.8,7.4,5.8,4.3,4.4,2.4,1.4,1.6,0.3,0.4
2228,Clayton County,Georgia,True,2012,139718,7.8,7.4,7.5,7.6,7.0,7.4,7.0,7.8,7.6,7.3,6.9,5.3,5.7,2.5,2.4,1.3,0.8,0.9,126170,8.5,8.6,8.5,8.3,7.7,7.8,7.5,6.8,7.9,6.6,5.9,4.7,4.4,2.8,2.0,1.1,0.6,0.4
3010,Clayton County,Georgia,True,2013,138498,7.6,7.7,7.3,6.8,7.5,7.3,7.6,7.7,7.5,7.0,6.5,5.9,5.3,2.9,2.1,1.8,0.4,1.1,125722,8.3,9.3,8.1,7.8,8.4,7.3,6.7,6.7,8.1,6.5,6.1,5.4,4.6,2.8,1.8,1.3,0.6,0.2
3840,Clayton County,Georgia,True,2014,140708,7.2,7.1,7.9,6.5,7.8,7.4,7.4,7.2,7.6,6.9,6.7,5.7,5.0,3.9,2.4,1.5,0.8,1.2,126834,8.4,8.0,9.3,7.6,8.3,7.4,7.0,6.6,7.0,6.8,6.3,5.3,4.3,3.2,2.4,1.0,0.6,0.5
4136,Clayton County,Georgia,True,2015,144240,6.8,7.8,7.3,7.1,6.9,7.7,7.5,6.9,7.3,7.1,6.9,6.7,4.7,3.9,2.3,1.3,0.7,1.1,129715,8.5,9.0,8.3,7.7,7.6,8.2,7.1,6.8,6.7,6.3,6.2,5.7,4.4,3.1,2.3,1.1,0.6,0.5
286,Cobb County,Georgia,True,2010,354751,6.7,7.0,6.6,6.6,6.3,7.1,7.5,7.8,8.1,8.1,7.3,6.3,4.9,3.3,2.2,1.6,1.5,1.0,335312,7.3,7.8,7.1,7.4,6.8,7.4,7.3,7.6,8.0,7.9,7.2,5.9,4.8,3.3,1.8,1.4,0.8,0.3
1359,Cobb County,Georgia,True,2011,357234,6.6,6.8,6.8,6.1,6.4,7.0,7.5,7.9,8.0,7.8,7.4,6.4,5.4,3.2,2.4,1.7,1.3,1.2,340319,7.2,6.4,8.4,7.4,6.7,7.4,7.4,7.7,7.7,7.7,7.1,5.8,5.0,3.4,2.0,1.3,0.8,0.7
2229,Cobb County,Georgia,True,2012,363975,6.4,6.4,7.1,6.5,6.2,6.8,7.3,8.1,7.6,7.8,7.4,6.2,5.5,3.9,2.4,1.7,1.2,1.4,343467,7.1,7.5,7.2,7.2,6.9,7.1,7.3,7.7,7.6,7.5,7.3,5.5,5.4,3.5,1.9,1.5,0.9,0.8
3011,Cobb County,Georgia,True,2013,370075,6.3,6.8,6.7,6.4,6.4,6.9,7.3,7.5,7.8,7.6,7.4,6.4,5.3,4.1,2.6,1.7,1.5,1.3,347115,7.1,7.4,7.3,7.4,6.8,7.1,7.2,6.8,8.1,7.4,7.3,6.4,4.9,4.0,2.0,1.4,1.0,0.6
3841,Cobb County,Georgia,True,2014,377627,6.3,7.1,6.2,6.3,6.4,6.9,7.3,7.1,7.9,7.4,7.5,6.6,5.2,4.5,2.6,1.7,1.7,1.2,353354,6.9,7.5,7.0,7.2,7.0,7.2,7.1,6.8,7.9,7.3,7.2,6.1,5.3,3.9,2.3,1.2,1.0,1.0
4137,Cobb County,Georgia,True,2015,382943,6.2,6.8,6.5,6.1,6.4,7.0,7.3,7.4,7.5,7.4,7.4,6.5,5.4,4.5,2.8,1.9,1.5,1.2,358391,6.9,7.2,7.2,7.1,7.0,7.3,7.1,8.0,6.5,7.4,7.1,6.3,5.3,4.2,2.4,1.6,0.8,0.8
287,Columbia County,Georgia,True,2010,63717,6.6,7.1,7.0,7.1,6.2,6.2,5.9,7.9,6.5,9.1,7.3,8.3,4.1,3.5,2.7,1.9,1.5,1.2,61098,7.2,8.2,8.6,8.6,6.8,5.6,5.1,5.0,7.5,9.4,6.9,6.1,5.8,4.7,1.4,1.4,0.7,1.0
1360,Columbia County,Georgia,True,2011,65030,6.3,6.0,7.9,6.4,5.6,6.1,6.9,7.5,8.6,7.0,7.5,6.5,6.0,4.0,2.8,2.0,1.8,1.0,63082,7.6,4.8,11.6,7.9,6.0,6.3,6.0,7.0,7.5,6.1,7.3,6.4,6.0,3.4,2.6,1.8,1.3,0.4
2230,Columbia County,Georgia,True,2012,67878,6.5,8.7,5.6,5.9,4.9,6.4,8.1,6.5,8.8,7.2,7.6,5.5,6.9,4.2,2.6,1.7,1.8,1.3,63749,7.4,7.4,8.1,7.2,6.2,6.2,8.5,4.9,7.8,6.5,7.0,6.6,5.9,3.6,3.0,1.5,1.6,0.6
3012,Columbia County,Georgia,True,2013,69359,5.1,7.0,8.6,7.4,6.1,5.8,7.1,6.6,7.1,8.0,6.8,7.7,4.7,3.1,3.0,2.5,2.2,1.1,66057,6.5,8.1,8.8,7.5,7.3,6.1,6.2,6.1,6.8,7.8,6.7,7.9,4.9,3.4,3.1,1.6,1.1,0.3
3842,Columbia County,Georgia,True,2014,72026,7.1,6.0,7.9,6.4,6.9,6.3,6.3,6.8,6.2,6.0,9.5,4.9,7.1,4.4,2.3,2.6,1.4,1.6,67231,6.1,7.5,7.6,8.8,5.6,7.1,6.2,9.0,5.5,6.8,6.8,5.1,6.9,4.5,2.4,1.6,1.0,1.4
4138,Columbia County,Georgia,True,2015,74095,5.8,6.3,7.6,7.3,6.7,6.5,7.8,5.6,7.6,6.6,6.8,6.7,4.9,4.8,2.9,2.4,2.7,0.8,69957,6.8,8.8,6.9,8.1,5.3,6.8,7.7,6.8,7.5,6.8,6.0,6.1,5.7,3.7,3.5,1.8,1.3,0.4
288,Coweta County,Georgia,True,2010,64876,7.1,7.4,7.3,6.5,5.3,5.6,6.9,7.9,7.8,7.9,7.2,6.8,5.6,3.5,2.7,1.6,1.0,1.8,63079,6.6,7.7,9.0,6.9,6.4,5.3,7.3,6.7,8.1,8.4,7.2,4.6,6.7,3.5,2.5,1.9,0.7,0.6
1361,Coweta County,Georgia,True,2011,65450,5.4,8.1,6.6,7.3,5.7,6.4,6.0,4.9,9.3,7.2,9.4,6.2,4.8,4.4,3.9,1.6,1.6,1.3,64179,9.4,7.6,7.1,6.1,5.5,7.7,6.6,5.8,6.9,7.8,8.0,4.2,7.1,5.1,2.4,1.2,1.2,0.4
2231,Coweta County,Georgia,True,2012,66338,6.4,7.2,6.9,6.6,5.4,6.3,6.6,5.5,9.7,7.7,7.6,5.7,6.1,4.4,3.1,2.3,1.1,1.5,64591,7.1,7.5,8.0,7.0,4.8,6.9,7.7,5.5,8.9,8.1,6.8,6.8,4.7,4.2,2.5,1.8,1.2,0.5
3013,Coweta County,Georgia,True,2013,68257,6.0,8.7,6.4,6.4,5.3,6.3,7.5,7.7,6.9,7.5,7.1,5.2,6.1,5.0,2.7,3.1,1.4,0.7,64923,7.0,8.6,6.9,7.4,5.4,6.2,5.8,6.9,7.1,8.9,7.4,7.0,4.1,4.1,3.3,2.3,1.1,0.6
3843,Coweta County,Georgia,True,2014,69712,6.0,8.4,6.2,6.8,5.1,6.5,7.2,6.3,8.9,6.5,7.3,5.5,6.1,4.9,2.8,2.5,1.5,1.5,65859,6.2,8.9,6.7,7.3,6.8,5.2,5.9,6.5,8.3,7.8,7.3,5.6,6.5,5.0,2.7,1.8,1.1,0.5
4139,Coweta County,Georgia,True,2015,70393,5.4,7.0,6.6,6.6,5.8,6.4,6.6,5.7,8.4,7.8,7.5,5.2,6.6,4.4,4.4,2.1,1.8,1.7,68034,6.6,7.9,8.1,6.7,7.3,5.5,5.7,6.4,7.1,8.8,6.7,6.8,4.8,4.5,2.9,2.2,0.6,1.2
289,DeKalb County,Georgia,True,2010,360969,6.8,6.1,5.9,6.1,7.2,8.7,8.2,8.1,7.0,7.4,6.9,6.1,5.0,3.3,2.5,1.6,1.5,1.6,331933,7.8,7.0,6.6,6.9,7.7,8.9,8.5,7.9,7.8,7.3,6.2,5.2,4.6,3.0,1.7,1.1,0.9,0.8
1362,DeKalb County,Georgia,True,2011,363845,6.9,6.4,5.6,6.0,6.9,8.5,8.3,8.0,6.9,7.2,6.9,6.4,5.2,3.2,2.8,1.7,1.8,1.3,336048,7.9,6.8,6.9,6.6,7.6,8.6,8.7,7.6,7.9,7.0,6.4,5.1,5.0,3.2,1.7,1.3,0.8,0.8
2232,DeKalb County,Georgia,True,2012,368432,6.9,6.2,5.9,6.0,6.8,8.4,8.4,7.7,7.1,7.0,6.9,6.4,5.4,3.9,2.1,1.7,1.5,1.6,338657,8.0,7.5,6.3,6.5,7.4,8.4,8.6,7.9,7.4,6.9,6.5,5.9,4.4,3.1,2.1,1.3,1.1,0.5
3014,DeKalb County,Georgia,True,2013,373459,6.9,6.2,5.7,5.9,6.9,7.8,8.4,7.8,7.2,6.9,6.9,6.4,5.7,3.8,2.6,1.7,1.6,1.6,339881,7.9,7.4,6.4,6.2,7.2,8.2,8.7,7.7,7.7,6.9,6.7,5.7,4.9,3.4,2.0,1.3,0.8,0.9
3844,DeKalb County,Georgia,True,2014,378912,6.8,6.1,6.0,5.3,6.8,8.3,8.3,7.0,7.7,6.8,7.0,6.4,5.7,3.9,2.9,2.1,1.3,1.4,343249,8.0,7.5,6.2,6.2,7.1,8.3,8.3,7.9,7.2,6.9,6.7,5.8,4.9,3.4,2.6,1.3,1.0,0.6
4140,DeKalb County,Georgia,True,2015,386772,6.7,5.5,6.6,5.4,6.8,8.4,8.2,7.3,7.2,6.9,6.8,6.4,5.8,4.4,2.8,1.6,1.4,1.7,348099,7.8,7.2,6.5,6.0,6.9,8.5,8.2,7.8,7.2,6.9,6.8,5.8,5.2,4.1,1.9,1.6,0.9,0.7
290,Dougherty County,Georgia,False,2010,51229,7.0,8.1,5.8,7.5,8.6,7.3,6.0,5.8,5.4,6.2,6.8,6.8,4.9,3.8,3.2,2.2,2.1,2.5,43348,8.7,6.5,7.2,10.9,7.0,6.6,6.4,6.6,4.9,6.4,6.2,8.3,3.7,4.4,2.6,1.8,1.0,0.7
1363,Dougherty County,Georgia,False,2011,51268,6.5,7.7,5.4,7.1,8.5,8.6,6.0,7.5,5.0,6.0,6.4,6.6,5.1,3.2,3.7,2.6,1.9,2.2,43520,8.1,7.1,8.1,8.6,9.4,6.7,6.3,5.4,6.4,5.9,6.1,4.6,6.7,3.6,2.8,2.3,1.3,0.7
2233,Dougherty County,Georgia,False,2012,50280,6.8,7.1,6.2,7.3,9.0,6.8,6.5,5.8,5.5,5.9,6.7,6.7,5.7,3.9,3.2,2.5,1.6,2.8,44221,8.5,8.0,7.5,8.2,8.5,6.5,6.2,5.5,6.1,6.1,6.2,5.6,6.1,4.4,2.0,1.8,1.6,1.1
3015,Dougherty County,Georgia,False,2013,49688,6.4,5.5,7.5,8.0,7.7,6.9,6.6,6.1,5.8,6.1,6.3,6.0,6.8,3.9,3.6,1.8,1.8,3.4,43281,7.4,7.2,9.2,7.8,9.4,7.0,6.7,3.6,7.1,5.7,6.1,4.7,7.2,3.1,3.7,1.9,1.4,0.9
3845,Dougherty County,Georgia,False,2014,49645,6.6,5.5,6.3,7.7,8.3,6.8,6.5,6.2,5.6,6.2,6.4,5.4,7.6,4.5,3.6,2.7,2.3,1.8,42762,8.0,9.9,6.1,7.6,8.6,6.8,6.1,6.3,5.0,5.7,6.2,5.0,6.7,3.6,3.9,1.2,1.3,1.8
4141,Dougherty County,Georgia,False,2015,49715,7.1,5.5,6.6,7.1,8.6,6.5,6.8,5.1,6.1,5.4,6.8,5.1,7.6,4.2,4.1,2.2,2.9,2.2,41617,7.1,7.9,7.2,7.6,8.5,7.2,6.4,3.3,7.4,5.7,6.0,7.0,5.9,6.0,2.2,1.4,2.3,0.9
291,Douglas County,Georgia,True,2010,69791,7.8,7.7,7.7,6.9,5.6,6.0,6.9,9.6,7.8,8.2,6.2,5.4,5.0,3.6,2.0,1.5,1.0,0.9,62931,6.9,8.5,8.2,7.7,5.9,6.7,6.4,6.1,10.3,8.8,7.1,4.5,5.4,2.9,2.4,1.0,0.8,0.4
1364,Douglas County,Georgia,True,2011,68957,6.8,7.4,7.0,7.0,6.9,5.0,5.6,8.5,9.7,8.3,7.1,5.9,5.7,2.6,3.2,1.7,0.5,1.0,64398,7.1,6.9,10.9,6.6,9.3,4.0,5.8,5.9,9.0,9.3,7.3,5.7,4.5,2.9,2.8,1.0,0.8,0.4
2234,Douglas County,Georgia,True,2012,70013,6.4,8.4,6.9,6.2,6.1,5.0,6.2,8.5,9.6,8.4,6.9,5.1,5.5,3.7,2.5,1.6,2.3,0.7,63958,7.7,7.8,9.4,7.1,6.0,4.8,7.1,8.1,7.5,8.6,6.9,5.5,4.7,4.3,1.8,1.6,0.9,0.2
3016,Douglas County,Georgia,True,2013,71391,6.8,6.1,8.6,7.5,5.5,5.6,6.6,7.8,8.7,7.8,7.2,6.3,5.0,3.8,2.9,1.6,1.3,0.8,64988,7.2,7.8,8.7,6.5,4.7,8.2,6.2,7.6,6.9,8.0,7.8,6.0,4.9,4.6,2.7,0.9,1.1,0.2
3846,Douglas County,Georgia,True,2014,72387,6.2,7.5,7.2,7.0,6.5,5.8,6.1,7.9,7.5,8.7,7.2,6.4,5.0,3.3,3.6,1.6,1.4,1.1,66389,6.0,7.7,9.8,8.6,6.4,5.7,5.8,5.7,8.5,7.5,7.7,7.3,4.1,4.0,2.3,1.4,0.9,0.5
4142,Douglas County,Georgia,True,2015,72032,5.3,7.0,7.6,5.8,6.8,5.6,6.8,8.4,7.6,7.9,7.2,7.3,4.8,5.3,2.5,1.8,1.1,1.3,68701,8.2,6.7,9.1,10.1,5.8,6.4,5.6,5.6,8.4,7.0,6.9,6.6,4.4,2.9,3.2,1.5,0.7,0.9
292,Fayette County,Georgia,True,2010,54866,4.4,7.4,7.6,7.5,4.1,3.3,4.9,5.3,8.4,10.0,8.7,8.8,6.1,4.5,2.8,1.7,1.6,2.9,52079,4.6,8.7,8.2,9.7,5.2,3.3,4.0,5.2,8.0,8.8,8.7,8.0,6.7,3.6,3.4,1.8,1.6,0.6
1365,Fayette County,Georgia,True,2011,55439,3.7,6.5,8.0,8.0,4.6,3.3,4.6,5.2,8.2,9.5,8.9,8.9,5.8,4.8,3.6,3.0,1.7,1.8,52345,4.0,6.3,10.5,9.5,4.9,3.7,3.3,4.8,8.0,8.7,9.1,7.9,6.4,5.1,3.1,2.9,1.1,0.7
2235,Fayette County,Georgia,True,2012,55782,4.0,6.1,7.4,8.6,4.9,3.3,5.0,5.3,7.8,8.1,8.2,8.6,6.6,5.8,3.1,1.8,3.0,2.2,51742,4.4,6.1,9.5,7.9,5.2,5.6,3.5,5.8,7.1,7.8,8.7,7.7,7.1,6.0,3.0,1.6,1.3,1.6
3017,Fayette County,Georgia,True,2013,55838,3.6,5.2,8.7,9.2,5.1,3.4,3.8,5.3,6.8,10.1,7.6,8.1,6.8,5.2,4.2,3.6,1.8,1.5,52527,2.6,9.2,7.4,8.9,7.9,3.4,3.4,4.2,7.8,7.5,8.4,9.1,5.5,6.0,3.6,2.4,1.6,1.1
3847,Fayette County,Georgia,True,2014,56390,3.5,6.2,7.4,7.0,6.6,4.4,3.4,3.4,8.4,9.8,7.7,8.2,6.4,5.5,4.6,3.0,2.3,2.2,53274,5.2,6.7,7.3,9.5,6.5,4.0,4.4,4.5,5.4,8.1,8.5,8.2,6.7,5.5,4.1,2.4,2.3,0.7
4143,Fayette County,Georgia,True,2015,57156,4.1,4.8,8.1,8.7,5.9,3.6,3.9,6.1,5.5,7.7,8.7,8.1,6.6,6.9,4.9,2.5,2.0,1.9,53558,3.3,5.5,9.6,10.4,4.8,4.8,3.3,5.3,6.6,7.9,8.1,8.5,6.3,5.2,5.2,2.7,1.2,1.5
293,Floyd County,Georgia,True,2010,50339,6.3,7.8,5.0,9.0,7.2,5.7,6.2,4.8,7.0,6.6,6.8,7.0,5.5,3.9,3.9,2.8,2.5,2.0,45935,7.1,7.7,6.4,7.6,6.1,6.4,7.6,6.1,7.3,6.7,6.7,5.6,6.4,3.3,4.0,2.7,0.9,1.4
1366,Floyd County,Georgia,True,2011,49528,5.7,7.4,5.9,8.6,6.1,5.9,5.8,5.2,7.7,6.5,6.6,5.2,6.5,4.2,4.6,3.8,1.1,3.4,46461,6.8,7.0,7.5,6.1,6.9,6.3,6.5,7.5,7.3,6.5,6.9,5.4,6.3,4.8,3.0,3.1,1.4,0.7
2236,Floyd County,Georgia,True,2012,49754,5.9,5.0,8.2,7.4,7.1,5.4,7.5,5.0,6.8,6.7,5.9,7.5,5.8,3.4,4.8,2.8,2.6,2.2,46423,7.2,6.3,8.1,6.3,7.7,6.0,6.1,5.0,8.7,5.9,7.4,7.2,5.2,4.1,3.7,3.4,1.2,0.7
3018,Floyd County,Georgia,True,2013,49159,5.9,7.8,5.0,7.5,6.5,6.3,6.2,5.9,6.8,5.1,7.6,6.5,6.2,4.3,4.5,3.7,2.7,1.6,46662,6.4,7.8,6.8,7.6,8.6,3.9,5.4,6.8,6.7,7.1,6.8,8.3,5.1,4.2,3.5,2.0,1.9,1.1
3848,Floyd County,Georgia,True,2014,49327,5.3,6.6,5.8,7.8,6.8,5.8,6.8,6.5,6.2,6.4,6.7,8.1,4.3,4.9,3.9,3.4,2.1,2.9,46736,6.3,6.3,8.3,7.4,8.5,5.0,6.4,4.7,7.4,7.2,6.8,6.4,5.8,3.8,4.1,1.9,2.1,1.5
4144,Floyd County,Georgia,True,2015,49044,5.3,6.9,5.2,7.0,6.9,6.0,6.2,6.3,5.4,7.5,6.7,6.1,6.6,5.4,4.3,2.5,2.4,3.2,47460,6.4,6.0,8.4,8.7,5.7,7.5,5.5,4.8,7.0,6.9,7.2,5.4,6.7,5.6,2.7,2.3,2.0,1.3
294,Forsyth County,Georgia,True,2010,89615,7.6,10.2,7.7,5.2,3.9,4.5,7.4,8.5,9.2,8.9,7.2,5.3,4.1,3.7,2.4,1.2,1.1,1.9,87123,7.9,9.9,9.0,6.7,4.8,3.4,5.7,9.8,9.1,9.1,7.2,4.6,4.8,2.8,2.7,1.3,1.0,0.3
1367,Forsyth County,Georgia,True,2011,88804,4.7,10.9,6.2,7.7,4.3,4.0,6.8,5.5,11.5,8.6,8.5,4.8,5.3,4.2,2.4,3.2,0.4,1.2,93036,8.9,9.3,11.3,8.5,6.0,1.8,5.7,7.0,9.0,8.2,6.8,4.7,4.8,2.1,3.1,0.9,1.0,0.9
2237,Forsyth County,Georgia,True,2012,94905,6.5,9.6,7.6,6.7,3.8,3.9,6.6,8.6,9.4,9.1,6.7,5.4,4.7,4.0,2.7,1.5,1.6,1.7,93023,7.1,10.6,8.2,7.5,4.2,3.9,5.3,7.7,9.3,9.5,7.6,5.3,4.1,3.7,2.7,1.2,1.3,0.7
3019,Forsyth County,Georgia,True,2013,98332,6.3,8.2,9.5,6.6,4.4,4.0,6.3,7.2,10.4,8.7,6.9,5.7,4.4,4.3,2.9,1.7,1.6,1.1,97073,6.5,8.7,10.2,7.4,4.5,4.3,4.5,7.8,9.6,9.0,7.6,5.5,4.4,4.4,2.3,1.3,1.1,0.9
3849,Forsyth County,Georgia,True,2014,103783,6.0,8.1,8.7,7.6,4.1,4.0,6.5,8.1,8.3,9.1,7.5,4.8,5.3,4.6,2.9,1.8,1.4,1.3,100519,6.0,8.4,9.8,7.9,4.9,4.5,4.8,7.3,9.8,8.9,7.7,5.4,4.7,3.9,2.7,1.4,1.0,1.0
4145,Forsyth County,Georgia,True,2015,106240,5.6,8.4,8.4,7.1,4.6,4.4,6.0,7.8,8.8,8.5,7.6,5.6,4.8,3.8,3.9,2.0,1.1,1.4,106198,5.9,9.2,9.3,7.7,5.0,4.1,5.3,7.6,9.7,8.3,7.5,6.2,4.1,3.9,3.0,1.8,1.1,0.5
295,Fulton County,Georgia,True,2010,475065,6.4,6.5,6.1,6.5,7.5,8.7,8.1,7.9,7.1,7.1,6.8,5.5,5.1,3.4,2.2,1.6,1.3,2.0,451132,7.1,7.2,6.5,7.0,8.1,8.6,8.0,7.6,8.2,7.5,6.7,5.3,4.7,2.6,2.0,1.1,0.9,0.8
1368,Fulton County,Georgia,True,2011,485448,6.4,6.2,6.4,6.7,7.3,8.6,8.2,7.4,7.3,7.2,6.9,6.0,5.1,3.7,2.0,1.7,1.2,2.0,464151,7.1,7.7,5.9,7.3,7.9,8.7,8.1,7.6,7.9,7.5,6.6,5.3,4.9,2.8,1.9,1.4,0.8,0.6
2238,Fulton County,Georgia,True,2012,500164,6.3,5.5,7.0,6.5,7.5,8.4,8.2,7.7,7.2,6.9,6.8,5.7,5.2,3.4,2.6,1.7,1.5,1.9,477609,6.9,6.3,7.1,7.3,8.0,8.6,8.1,7.3,8.0,7.3,6.7,5.5,4.6,2.8,2.4,1.2,1.0,0.7
3020,Fulton County,Georgia,True,2013,506040,6.3,6.3,6.3,6.7,7.2,8.2,8.2,7.4,7.5,6.8,6.7,5.9,5.0,3.6,2.8,2.1,1.3,1.7,478253,7.0,7.2,6.5,7.0,7.9,8.4,8.1,7.2,7.9,7.2,6.9,5.5,4.7,3.3,2.1,1.6,1.0,0.7
3850,Fulton County,Georgia,True,2014,512757,6.1,6.4,6.1,6.4,7.2,8.2,8.2,7.9,6.9,6.8,6.8,5.7,5.4,3.7,2.9,1.8,1.6,1.8,483562,6.9,6.9,6.7,6.9,7.9,8.4,8.1,7.9,7.0,7.2,6.9,5.7,4.7,3.2,2.5,1.4,0.7,1.1
4146,Fulton County,Georgia,True,2015,521299,6.0,6.0,6.3,6.5,7.1,8.3,8.0,7.9,6.8,6.9,6.8,5.8,5.4,4.1,3.0,1.9,1.5,1.7,489263,6.7,7.1,6.3,7.0,7.9,8.4,7.9,7.0,7.7,7.5,6.7,6.0,4.7,3.5,2.5,1.4,1.2,0.6
296,Glynn County,Georgia,True,2010,41241,6.1,6.2,5.6,5.5,6.8,6.7,6.0,5.3,7.4,6.3,7.7,6.5,7.5,4.0,5.3,2.6,2.4,2.2,38575,8.0,7.8,6.7,7.4,5.3,6.8,4.8,3.1,9.7,7.3,6.1,5.1,7.3,5.7,2.6,3.4,1.7,0.9
1369,Glynn County,Georgia,True,2011,41859,4.6,6.6,7.7,6.7,5.9,4.5,7.0,5.5,6.7,6.5,7.5,4.9,8.0,5.6,4.9,2.9,1.9,2.5,38527,6.5,8.9,7.4,6.3,6.5,4.1,6.0,4.6,8.5,7.5,6.7,5.6,7.2,4.3,4.3,3.1,1.5,0.9
2239,Glynn County,Georgia,True,2012,41641,6.2,5.3,6.5,6.1,5.5,5.6,5.1,7.0,7.0,6.9,6.9,6.4,7.5,6.7,3.6,2.7,2.3,2.6,39381,6.8,7.1,7.4,8.0,6.2,6.0,5.8,4.1,6.9,6.7,7.6,5.7,7.3,5.3,3.6,2.3,1.9,1.3
3021,Glynn County,Georgia,True,2013,44687,6.4,4.5,8.4,7.4,5.5,5.2,7.3,7.6,3.5,6.8,6.5,6.9,6.2,6.2,4.7,1.6,3.1,2.3,36821,5.6,6.2,8.0,6.1,6.4,6.1,3.6,5.5,8.2,7.1,7.2,7.0,7.0,5.8,4.6,2.0,2.5,1.3
3851,Glynn County,Georgia,True,2014,42548,4.3,6.9,5.7,6.2,4.0,7.2,6.2,5.1,7.8,6.1,6.4,8.6,6.3,6.4,3.8,3.7,3.4,1.9,39627,7.4,4.7,9.4,7.3,6.6,5.3,7.4,4.6,5.9,5.8,7.1,5.2,7.5,5.2,4.4,3.0,2.0,1.3
4147,Glynn County,Georgia,True,2015,43821,4.2,6.4,7.2,4.7,6.5,5.6,5.9,5.9,5.4,6.6,7.6,7.6,7.0,6.5,5.0,3.3,1.5,3.1,39758,8.0,6.6,6.1,7.1,3.9,8.2,5.3,7.5,5.1,5.8,6.8,4.6,8.1,4.3,6.1,2.7,2.1,1.6
297,Gwinnett County,Georgia,True,2010,409780,7.4,8.2,7.8,7.0,5.6,6.6,7.6,9.1,7.8,8.2,7.1,5.4,4.5,2.6,1.9,1.5,0.9,0.9,398939,8.0,9.1,7.9,7.8,6.4,7.0,7.4,7.9,8.4,8.1,6.9,4.9,4.4,2.4,1.6,1.1,0.5,0.4
1370,Gwinnett County,Georgia,True,2011,417643,7.3,8.3,7.5,7.1,5.6,6.5,7.5,8.9,7.7,8.2,7.2,5.7,4.6,2.8,1.9,1.6,1.0,0.8,407298,7.8,8.2,8.7,7.9,6.4,7.0,7.4,7.4,8.4,8.0,7.0,5.3,4.2,2.5,2.1,1.0,0.3,0.5
2240,Gwinnett County,Georgia,True,2012,428019,7.0,7.1,8.6,7.0,5.9,6.4,7.4,7.9,8.3,8.0,7.2,5.5,4.9,3.0,2.1,1.4,1.1,1.0,414027,7.6,8.8,7.9,7.8,6.6,6.9,7.3,7.8,7.8,7.8,7.2,6.0,3.8,2.8,1.8,1.3,0.5,0.4
3022,Gwinnett County,Georgia,True,2013,437573,6.9,7.6,8.1,7.1,6.1,6.2,7.1,7.3,8.7,7.8,7.3,6.0,4.6,3.1,2.7,1.4,0.8,1.2,421731,7.3,9.2,7.6,7.8,6.8,6.6,7.1,7.7,7.5,7.7,7.2,5.6,4.6,3.1,2.0,1.3,0.6,0.3
3852,Gwinnett County,Georgia,True,2014,448721,6.7,7.0,8.6,7.1,6.2,6.3,7.0,6.8,8.8,7.8,7.4,5.7,5.2,3.6,2.3,1.4,1.0,1.2,429201,7.1,7.7,9.1,7.7,6.9,6.6,7.0,7.0,7.9,7.7,7.3,6.0,4.4,3.5,1.8,1.3,0.6,0.4
4148,Gwinnett County,Georgia,True,2015,457496,6.6,7.5,7.9,7.1,6.3,6.3,6.9,7.3,8.1,7.7,7.4,5.3,5.8,3.9,2.2,1.6,1.3,0.8,438327,7.0,8.3,8.3,7.8,7.0,6.6,6.8,7.3,7.4,7.6,7.2,5.7,5.1,3.3,2.3,1.2,0.8,0.3
298,Hall County,Georgia,True,2010,90620,7.6,8.1,6.8,6.5,6.7,6.2,6.6,6.4,8.5,6.2,6.6,4.7,5.9,4.5,3.0,2.6,1.3,1.7,89633,8.2,8.6,7.6,7.3,7.1,7.0,6.4,6.8,7.5,7.2,6.4,5.1,4.7,3.2,3.0,1.6,1.3,1.0
1371,Hall County,Georgia,True,2011,91845,6.9,7.3,8.6,6.0,6.7,5.9,7.1,5.8,9.2,5.6,6.7,5.4,5.3,4.2,3.4,1.7,2.3,1.8,91207,8.4,8.3,7.7,7.4,6.2,6.8,7.1,6.0,8.2,8.2,5.5,5.6,4.4,4.3,2.1,2.3,1.0,0.4
2241,Hall County,Georgia,True,2012,91876,6.8,8.2,7.0,6.2,7.0,6.5,6.2,5.9,7.9,6.8,6.3,5.7,5.5,5.0,3.0,2.4,2.1,1.5,93540,7.9,8.6,7.4,8.2,7.0,6.4,6.1,8.1,6.0,6.5,6.4,5.9,4.8,3.6,3.0,1.9,1.2,0.8
3023,Hall County,Georgia,True,2013,92025,5.2,7.5,7.6,6.7,6.7,6.2,6.6,7.1,6.8,6.7,6.2,5.9,5.7,4.9,3.3,2.8,2.5,1.7,95720,9.3,7.5,8.1,7.2,7.0,6.4,6.5,6.6,6.9,7.1,6.0,6.0,4.4,4.0,2.8,1.8,1.6,0.8
3853,Hall County,Georgia,True,2014,95715,6.3,7.4,8.1,6.7,6.8,5.8,6.7,6.5,6.4,6.8,6.3,5.9,5.5,4.2,4.1,2.7,2.1,1.9,95046,6.9,8.1,8.0,6.5,7.1,6.5,7.1,6.5,6.9,7.1,6.6,5.7,4.6,4.5,3.4,1.8,2.0,0.9
4149,Hall County,Georgia,True,2015,96961,6.5,7.4,7.1,6.7,6.1,6.7,6.2,6.5,6.4,7.0,6.3,7.2,4.7,4.8,4.0,2.6,1.9,2.0,96574,6.9,8.3,7.1,7.2,7.3,6.4,6.7,6.8,6.0,7.1,7.3,5.6,5.2,4.9,2.9,2.6,1.1,0.8
299,Henry County,Georgia,True,2010,106023,6.4,7.4,9.1,6.2,5.5,5.9,7.4,9.0,8.2,9.0,6.5,5.3,4.9,3.2,2.5,1.2,1.0,1.2,99242,7.1,10.5,7.6,9.0,5.9,6.0,6.3,6.9,8.6,8.4,6.6,6.1,3.6,2.8,1.9,1.7,0.7,0.3
1372,Henry County,Georgia,True,2011,108311,5.4,6.9,8.2,9.7,5.6,5.2,6.2,8.2,9.2,8.1,6.7,6.9,4.4,3.6,2.1,1.8,1.0,0.9,99049,7.7,8.3,9.6,8.1,6.7,4.4,5.4,7.2,7.9,9.9,7.5,5.9,3.7,3.0,1.7,1.9,0.9,0.2
2242,Henry County,Georgia,True,2012,108835,6.1,5.8,9.3,7.7,6.6,5.6,6.1,7.2,9.5,8.3,6.9,6.6,4.2,3.3,3.1,1.8,1.0,1.0,100218,6.5,9.2,8.5,8.9,6.8,5.1,5.5,6.9,8.1,8.5,7.3,6.2,4.0,3.5,2.3,1.3,0.8,0.6
3024,Henry County,Georgia,True,2013,109431,5.5,7.8,7.2,7.0,7.6,5.3,6.1,8.6,7.1,8.5,7.3,5.8,5.7,3.9,2.7,1.6,0.7,1.6,101697,6.8,7.4,9.9,8.9,6.5,5.4,5.7,6.4,8.6,8.4,7.0,5.4,4.9,4.3,2.0,1.1,0.7,0.7
3854,Henry County,Georgia,True,2014,112248,5.6,6.5,8.4,7.1,5.7,5.8,6.3,7.5,9.7,7.7,7.5,4.8,6.0,4.4,3.0,1.6,1.3,1.0,101621,6.2,8.8,8.2,9.8,6.1,5.1,5.9,6.3,8.1,7.6,7.9,6.0,4.8,4.4,2.2,1.0,1.5,0.1
4150,Henry County,Georgia,True,2015,114409,5.3,7.3,7.5,7.6,6.6,6.2,5.6,6.0,9.1,8.1,7.5,6.2,5.6,4.3,2.8,2.0,1.2,1.2,103330,5.9,8.3,7.4,9.6,8.1,4.9,5.4,6.4,7.3,8.0,7.7,7.3,3.6,4.1,2.6,1.6,0.8,0.7
300,Houston County,Georgia,True,2010,71956,7.4,7.1,6.4,6.9,6.6,7.2,7.0,7.2,6.1,8.2,6.8,7.0,4.5,3.1,2.7,2.1,2.2,1.5,68757,7.3,8.2,7.6,8.5,6.8,7.5,5.6,7.0,7.5,7.5,7.1,6.7,4.1,2.9,2.3,1.8,1.0,0.5
1373,Houston County,Georgia,True,2011,74221,6.6,6.0,8.3,7.8,5.5,7.1,6.7,7.4,7.3,7.3,7.3,7.3,3.7,3.1,3.4,1.7,1.4,1.9,69704,7.0,7.2,8.6,9.8,7.1,5.5,6.4,5.3,8.2,8.5,6.3,4.8,6.3,3.7,1.8,2.2,0.5,0.8
2243,Houston County,Georgia,True,2012,75749,6.4,6.5,8.1,6.0,6.9,7.7,7.0,6.7,8.0,7.1,6.8,6.0,4.5,3.6,2.5,2.5,2.6,1.2,70387,7.1,7.1,8.8,7.7,6.9,8.9,7.0,5.2,7.8,6.2,7.5,5.6,4.8,2.5,3.0,2.4,1.4,0.2
3025,Houston County,Georgia,True,2013,74767,6.3,6.5,7.4,5.8,7.9,6.8,8.2,7.4,6.3,6.4,7.2,7.1,4.1,4.4,2.7,2.2,1.7,1.5,72891,6.7,8.1,8.3,7.4,8.1,7.1,8.3,5.0,5.8,7.3,7.0,6.7,4.0,3.6,2.5,1.6,1.7,0.9
3855,Houston County,Georgia,True,2014,77144,7.7,7.6,5.6,6.3,5.9,8.6,7.2,8.4,5.1,6.4,7.5,6.7,4.6,4.8,2.2,3.0,0.9,1.6,71967,6.4,7.0,8.9,8.2,6.7,7.1,7.0,7.0,6.8,5.8,7.5,5.5,6.1,4.0,2.1,2.3,0.7,0.8
4151,Houston County,Georgia,True,2015,77760,7.4,6.7,6.8,5.4,7.4,7.1,6.9,4.7,8.8,6.5,7.2,6.8,4.1,3.9,3.5,2.6,2.1,2.1,72273,7.0,7.9,7.5,6.2,7.5,7.7,7.1,5.8,7.3,6.8,7.3,6.2,4.7,4.3,2.5,1.2,1.9,1.2
1374,Liberty County,Georgia,True,2011,32583,7.8,8.3,7.3,4.1,10.9,11.4,8.8,5.2,7.7,6.9,6.0,5.9,2.7,3.1,1.3,0.9,0.6,1.0,32868,12.4,8.3,8.2,8.0,12.5,10.0,3.7,5.9,8.1,5.0,5.0,3.8,3.7,3.4,0.7,1.0,0.0,0.3
2244,Liberty County,Georgia,True,2012,32818,11.0,10.1,6.2,5.7,9.4,10.5,7.3,6.7,5.1,6.5,5.4,5.9,2.8,3.3,1.3,1.1,0.9,0.7,32653,10.2,6.3,8.9,8.0,13.7,11.6,7.3,4.3,6.3,5.3,5.0,5.5,2.2,2.3,1.5,1.1,0.4,0.2
3026,Liberty County,Georgia,True,2013,32223,12.8,7.2,6.5,5.7,11.8,9.4,7.5,5.7,5.4,5.2,5.4,3.8,5.9,2.7,2.6,0.5,0.8,1.0,31912,10.4,7.1,7.6,8.3,11.4,11.8,9.6,4.2,6.2,4.5,5.0,5.2,3.3,2.6,1.5,0.4,0.7,0.2
3856,Liberty County,Georgia,True,2014,31503,11.2,6.5,5.7,7.0,10.8,11.2,7.1,5.3,6.1,5.1,5.7,5.6,3.8,2.5,3.2,2.2,0.4,0.8,33695,13.6,8.9,5.0,5.9,15.7,11.5,8.1,5.7,3.6,4.2,4.5,3.6,3.6,3.2,1.6,0.8,0.3,0.1
4152,Liberty County,Georgia,True,2015,29556,9.5,7.3,7.4,4.8,11.1,10.1,7.7,5.8,5.6,4.8,6.4,5.7,4.1,4.6,2.3,1.6,0.6,0.6,32911,11.8,6.1,7.2,8.8,12.3,12.5,7.2,4.2,7.0,5.2,3.6,4.3,3.3,2.5,2.5,0.9,0.5,0.2
301,Lowndes County,Georgia,True,2010,55840,7.4,5.4,7.4,8.6,12.8,8.3,5.6,6.7,5.0,6.2,5.8,4.5,5.5,3.9,2.0,1.5,1.7,1.8,53894,7.9,7.5,6.1,9.3,11.7,9.3,6.4,6.2,5.5,6.7,6.1,4.8,4.4,2.8,2.5,1.3,1.0,0.6
1375,Lowndes County,Georgia,True,2011,56830,7.2,6.3,6.5,8.7,13.2,8.0,5.6,5.5,5.6,6.0,6.3,4.1,5.4,3.2,3.3,1.8,1.8,1.3,55055,7.7,7.2,7.0,9.8,13.4,6.8,5.3,6.8,5.7,6.7,6.0,5.5,4.0,2.2,3.0,1.6,0.9,0.3
2245,Lowndes County,Georgia,True,2012,58028,6.6,6.2,6.1,9.1,14.6,6.9,6.0,6.1,4.9,5.9,6.2,4.6,5.1,4.4,2.3,2.3,0.9,1.7,56524,7.4,7.5,6.0,8.3,15.2,8.7,5.6,4.5,7.2,5.4,6.4,5.9,3.5,3.7,1.6,1.6,0.6,0.8
3027,Lowndes County,Georgia,True,2013,57486,8.6,7.0,5.2,8.6,13.2,7.5,5.7,4.0,7.4,5.6,5.6,5.2,4.7,3.7,3.0,1.9,2.3,0.9,55430,7.2,7.7,6.1,7.8,14.8,8.0,6.5,6.4,5.9,5.9,5.3,4.6,5.1,2.7,2.3,1.8,0.9,1.2
3857,Lowndes County,Georgia,True,2014,58201,7.0,7.7,5.9,6.5,15.0,7.4,6.0,5.3,5.9,5.1,6.0,5.3,4.6,4.0,3.5,2.5,1.4,1.0,55322,7.4,8.4,6.0,8.3,14.4,9.0,6.8,5.1,5.6,4.8,5.6,5.0,4.0,3.7,2.6,1.8,1.0,0.5
4153,Lowndes County,Georgia,True,2015,57700,7.2,6.9,6.2,9.1,11.5,6.8,6.6,7.0,4.9,5.4,5.5,5.4,4.5,3.6,3.8,1.8,1.2,2.4,55165,7.5,8.4,5.1,7.4,12.5,11.6,7.4,6.3,3.7,6.0,5.2,4.6,4.4,3.4,2.5,1.2,1.6,1.0
302,Muscogee County,Georgia,False,2010,99470,7.2,6.1,6.8,7.3,7.6,7.5,6.5,5.5,7.1,6.9,7.0,5.5,5.6,3.3,3.4,2.5,2.5,2.0,90947,7.6,8.1,6.8,9.5,9.1,6.3,7.3,6.3,5.5,6.7,6.9,5.8,4.4,3.3,2.2,1.8,1.9,0.5
1376,Muscogee County,Georgia,False,2011,100327,7.5,6.6,5.7,6.5,8.2,7.8,6.6,7.0,4.9,7.2,6.8,5.6,6.0,3.9,2.6,2.4,2.4,2.3,93780,7.9,6.3,8.0,10.2,9.3,6.7,7.4,5.4,6.5,6.4,6.5,5.8,4.8,3.0,2.1,1.5,1.2,1.0
2246,Muscogee County,Georgia,False,2012,100859,7.0,6.2,6.5,6.8,8.2,7.7,7.0,5.8,6.5,6.5,6.7,7.0,4.5,3.4,3.3,2.2,2.4,2.1,97554,8.1,6.8,7.3,9.9,8.0,8.5,7.6,5.4,6.0,6.3,6.5,5.9,4.5,2.9,2.7,1.3,1.3,1.1
3028,Muscogee County,Georgia,False,2013,103425,6.8,5.3,7.5,6.6,7.5,8.1,7.1,6.1,6.0,6.2,6.9,6.4,5.3,3.6,3.4,2.5,2.6,2.1,99399,7.5,7.8,6.5,7.3,10.5,8.8,7.3,5.3,7.8,5.8,6.0,5.7,4.5,3.0,2.6,1.6,1.2,0.9
3858,Muscogee County,Georgia,False,2014,102253,7.1,6.2,6.3,5.9,7.8,7.9,7.8,6.1,6.6,6.0,6.7,6.5,4.8,4.4,3.4,2.3,2.0,2.2,98634,7.8,7.5,5.9,7.2,9.3,9.3,8.3,7.2,5.3,5.8,6.3,5.5,5.0,3.7,2.0,1.0,2.0,0.7
4154,Muscogee County,Georgia,False,2015,101794,7.1,6.8,6.0,6.2,7.3,8.1,7.2,6.5,6.4,5.3,6.6,6.2,5.6,4.7,3.0,2.7,1.8,2.4,98785,7.9,6.2,7.0,7.4,9.4,8.9,8.8,7.3,5.2,5.5,5.7,5.8,5.1,4.3,1.8,1.3,1.1,1.3
303,Newton County,Georgia,True,2010,51811,6.8,6.8,8.3,8.3,4.6,6.0,7.4,7.9,7.8,7.8,6.3,5.1,5.9,3.6,2.2,2.4,1.4,1.3,48275,7.8,6.3,11.1,9.7,5.6,6.3,5.0,7.0,9.0,7.1,6.3,5.8,4.2,2.6,2.6,2.3,0.8,0.2
1377,Newton County,Georgia,True,2011,53260,6.7,8.7,8.7,5.3,5.9,5.5,7.0,6.8,9.1,9.5,4.6,6.1,5.0,5.5,1.0,0.9,1.4,2.2,47554,8.2,11.7,4.8,8.1,5.8,5.2,6.4,8.5,7.7,8.0,6.4,5.7,4.5,2.3,3.7,0.4,0.9,1.8
2247,Newton County,Georgia,True,2012,52719,6.4,7.0,7.3,8.1,5.4,5.5,6.8,7.9,8.4,7.4,6.5,8.1,3.1,5.2,2.1,1.3,1.6,2.1,48786,7.1,8.9,9.0,11.1,5.5,4.4,4.9,7.4,7.1,8.0,6.5,6.8,3.3,4.3,2.5,2.0,0.7,0.6
3029,Newton County,Georgia,True,2013,54042,7.1,5.6,9.0,8.2,5.8,5.1,5.3,10.8,7.5,6.1,6.5,5.9,5.1,4.2,2.6,3.0,1.2,1.2,48404,6.6,8.0,8.6,9.3,7.2,5.7,6.1,7.3,7.4,6.0,7.2,5.5,4.7,4.2,2.9,1.9,0.7,0.7
3859,Newton County,Georgia,True,2014,53441,5.8,7.0,7.3,7.1,5.6,5.9,6.9,6.7,8.6,7.3,7.0,5.6,5.8,4.4,3.9,2.7,1.3,0.9,50234,6.9,8.7,8.4,8.7,4.8,7.6,6.9,5.4,7.7,7.3,6.7,4.4,5.9,5.1,2.5,1.0,1.3,0.7
4155,Newton County,Georgia,True,2015,55674,5.7,7.0,8.7,7.8,5.2,6.3,6.5,8.2,5.7,8.6,6.0,5.8,5.6,4.2,3.9,2.6,1.0,1.3,49799,6.6,9.0,7.0,7.1,8.0,6.3,6.6,6.8,5.9,7.8,6.9,5.3,5.1,5.3,2.5,1.7,1.2,0.8
304,Paulding County,Georgia,True,2010,72737,6.8,8.1,8.8,7.2,4.5,6.5,7.8,10.2,8.6,7.5,6.1,5.0,4.8,3.4,1.6,1.1,0.9,0.9,70004,8.7,7.9,10.3,7.8,6.3,5.5,5.9,9.1,9.2,8.2,6.7,4.4,3.7,2.5,1.6,1.3,0.6,0.3
1378,Paulding County,Georgia,True,2011,71604,8.2,7.6,8.0,6.0,5.5,5.7,7.5,10.4,8.7,8.7,6.0,6.8,2.8,2.8,3.6,0.0,0.9,0.9,71938,8.0,8.2,6.9,10.5,7.4,5.1,6.4,10.2,8.1,6.3,7.3,4.2,4.5,2.7,2.5,1.0,0.5,0.3
2248,Paulding County,Georgia,True,2012,73994,7.0,7.8,8.6,7.0,5.7,5.6,7.0,8.5,9.7,8.1,6.0,4.6,4.8,3.1,2.8,2.4,0.7,0.6,70806,7.7,9.4,8.7,8.9,5.5,5.8,6.5,6.4,9.7,8.5,6.2,4.6,4.2,3.4,1.8,1.9,0.6,0.1
3030,Paulding County,Georgia,True,2013,75320,6.3,9.5,6.8,7.8,4.6,6.7,6.4,8.2,9.8,7.7,6.4,6.1,4.1,2.9,3.2,1.9,1.0,0.7,71630,7.2,8.3,8.9,8.7,5.8,5.7,6.1,8.7,8.0,7.8,7.3,5.7,4.3,2.2,3.1,0.9,0.5,0.9
3860,Paulding County,Georgia,True,2014,76553,6.7,9.4,7.3,5.9,6.9,5.5,7.6,6.6,9.6,7.3,6.6,5.6,5.0,3.9,2.2,2.7,0.8,0.4,72434,7.0,7.3,10.2,7.3,5.5,6.0,6.9,8.5,7.8,7.7,7.4,6.3,3.5,3.3,2.6,1.0,1.2,0.3
4156,Paulding County,Georgia,True,2015,77865,6.4,7.7,7.4,6.6,7.7,5.3,6.6,5.9,9.6,7.9,7.6,5.3,5.1,4.6,2.2,1.7,1.2,1.3,74373,6.1,8.5,8.6,8.2,6.2,6.9,6.2,9.2,6.4,8.0,6.5,6.5,4.1,3.1,2.4,1.2,1.7,0.1
305,Richmond County,Georgia,False,2010,104179,7.5,6.2,6.1,6.5,8.8,8.0,6.2,4.7,6.9,6.9,7.2,6.5,5.7,4.0,2.6,2.7,1.9,1.7,96826,8.0,7.2,6.2,8.1,9.4,8.6,6.6,5.0,7.4,6.3,7.0,5.4,5.2,3.0,2.8,1.6,1.0,1.1
1379,Richmond County,Georgia,False,2011,103551,7.1,5.5,7.0,6.6,8.0,8.2,6.8,5.9,6.4,6.3,6.8,7.7,4.3,3.8,3.3,1.8,2.6,1.8,97666,7.7,7.5,6.3,7.9,9.6,9.0,6.9,6.4,5.0,6.1,6.7,5.9,5.1,3.3,2.7,1.9,1.4,0.6
2249,Richmond County,Georgia,False,2012,104336,7.3,6.5,6.2,5.9,8.8,8.4,7.1,6.1,5.2,6.1,6.9,6.5,5.4,4.8,2.7,2.5,1.8,1.6,98251,7.6,6.6,7.0,8.1,9.2,9.0,7.0,5.2,6.1,5.9,6.8,6.1,4.9,3.7,2.8,1.9,1.1,0.9
3031,Richmond County,Georgia,False,2013,104148,7.2,6.1,6.2,5.8,8.3,8.8,6.9,6.5,4.6,6.1,7.0,6.8,6.0,4.8,2.7,2.0,2.0,2.0,97855,7.1,6.5,7.6,7.6,9.1,8.6,7.4,6.3,5.3,5.9,6.9,6.6,4.6,3.8,2.9,1.8,1.3,0.7
3861,Richmond County,Georgia,False,2014,104758,6.9,4.8,7.4,6.6,7.8,8.6,7.2,5.7,5.5,5.6,6.6,6.1,6.8,5.6,2.5,2.6,1.7,2.1,96610,7.5,6.9,6.2,8.2,9.8,8.7,7.2,4.4,6.5,5.7,6.8,6.2,5.3,3.9,2.7,1.4,1.4,1.2
4157,Richmond County,Georgia,False,2015,104422,6.5,6.8,5.7,6.2,7.4,8.8,7.1,6.7,4.8,5.7,6.4,6.9,6.2,5.5,3.1,2.9,2.3,1.1,97371,7.4,7.0,6.4,7.5,9.1,9.4,8.1,6.1,5.1,5.3,6.1,6.4,5.2,4.1,3.0,1.7,1.5,0.8
306,Rockdale County,Georgia,True,2010,44126,6.4,7.3,8.2,6.0,6.0,4.9,6.7,6.9,7.3,8.0,7.5,6.4,6.6,4.4,2.0,2.3,2.3,1.0,41308,7.3,6.6,8.7,9.2,7.8,4.6,5.4,5.9,8.0,7.0,6.9,7.3,6.0,3.6,2.1,1.9,0.9,0.8
1380,Rockdale County,Georgia,True,2011,44182,6.5,7.2,6.8,7.7,4.9,5.6,5.5,6.4,8.6,8.5,7.5,6.7,6.0,4.5,2.1,2.3,1.7,1.6,41583,6.8,6.2,9.4,9.6,4.5,6.6,6.0,4.2,7.8,7.6,8.1,7.1,6.2,4.5,2.1,1.9,0.7,0.5
2250,Rockdale County,Georgia,True,2012,45624,6.8,7.1,6.4,7.3,8.1,3.9,4.8,4.9,10.0,7.9,7.7,6.9,5.5,4.5,3.0,2.2,1.6,1.3,40196,5.6,7.2,9.2,8.5,8.9,3.0,6.7,5.8,6.8,7.6,6.9,7.7,5.3,4.0,3.4,1.6,1.4,0.5
3032,Rockdale County,Georgia,True,2013,45590,6.3,6.7,6.6,9.1,5.0,5.6,5.4,7.3,6.1,8.1,7.5,8.3,4.8,5.1,2.5,2.1,1.9,1.5,41329,3.6,10.6,7.1,10.3,6.5,5.6,4.5,5.7,7.4,8.2,6.4,5.6,7.4,4.4,3.5,2.1,0.4,0.8
3862,Rockdale County,Georgia,True,2014,45521,4.9,7.4,6.8,6.4,6.8,5.5,4.8,7.9,6.8,7.7,8.1,8.0,5.0,6.3,3.2,2.2,0.6,1.6,42233,6.1,7.2,10.0,10.3,4.9,6.4,4.6,8.7,5.9,5.2,7.0,6.0,6.6,5.3,2.9,1.9,0.6,0.4
4158,Rockdale County,Georgia,True,2015,47044,5.6,6.2,8.2,6.1,7.1,5.0,6.1,8.0,5.8,6.8,7.6,6.1,6.9,4.5,4.5,2.5,0.8,1.9,41812,5.8,7.4,8.2,8.5,8.3,4.8,4.7,5.5,7.4,6.6,7.2,8.1,5.5,4.3,4.2,2.0,0.5,0.9
307,Troup County,Georgia,True,2010,34380,6.2,6.5,7.2,9.0,6.1,4.7,5.2,7.3,6.6,7.2,7.4,6.1,6.2,4.4,1.9,2.8,1.5,3.6,32807,9.0,8.7,6.0,6.7,9.6,4.8,5.2,6.4,7.0,7.0,7.4,6.1,6.2,4.0,2.4,1.6,0.4,1.6
1381,Troup County,Georgia,True,2011,34792,6.0,6.8,7.7,5.8,7.5,6.6,6.1,6.8,6.1,7.2,6.8,5.4,6.8,4.5,2.8,3.3,1.8,2.1,32972,8.5,10.1,4.9,7.7,7.3,6.1,5.0,6.0,8.2,7.0,6.4,8.1,4.0,4.3,2.4,1.9,1.3,0.6
2251,Troup County,Georgia,True,2012,35099,5.4,7.8,5.8,6.8,7.1,6.4,6.7,4.0,8.4,6.7,7.0,8.1,4.5,5.1,2.7,2.1,2.1,3.2,33369,9.1,8.4,7.2,6.1,9.3,5.3,5.7,5.0,6.7,7.4,7.1,7.0,5.3,4.1,2.7,1.5,1.4,0.7
3033,Troup County,Georgia,True,2013,35951,9.1,8.1,4.9,5.1,7.7,6.1,6.4,6.3,5.7,7.4,6.5,6.3,5.6,4.2,4.0,3.7,1.5,1.4,33102,4.5,7.5,8.8,11.3,5.6,7.0,6.3,3.9,7.7,7.3,6.1,7.3,5.5,4.6,2.4,2.0,1.4,0.9
3863,Troup County,Georgia,True,2014,36489,5.7,5.3,8.5,9.4,7.4,4.5,7.0,5.5,5.8,6.2,6.6,6.8,5.6,4.0,3.8,3.7,2.4,1.6,32980,7.6,7.4,7.9,6.3,9.1,5.7,7.6,5.8,6.9,4.8,6.7,5.6,6.5,4.0,3.5,1.9,2.1,0.7
4159,Troup County,Georgia,True,2015,36698,6.0,6.5,8.8,6.1,6.6,7.3,5.4,6.8,5.5,6.1,6.8,5.5,7.4,5.6,2.4,1.6,3.2,2.3,33065,6.5,5.8,9.9,8.2,7.0,8.0,4.5,7.4,5.7,6.8,6.1,6.7,5.1,4.8,3.5,2.1,1.0,0.9
308,Walker County,Georgia,False,2010,34496,5.8,6.3,7.2,5.8,5.3,5.3,5.9,5.4,7.8,6.9,7.7,8.1,5.1,6.6,3.2,4.0,1.0,2.7,34265,5.8,7.8,7.2,6.8,5.2,5.2,6.7,5.9,8.0,7.7,7.5,6.4,6.5,6.5,1.9,3.6,0.5,0.7
1382,Walker County,Georgia,False,2011,35477,6.1,8.9,4.3,6.0,5.3,5.4,6.3,7.2,5.5,6.8,7.7,6.8,6.6,5.6,3.5,3.4,2.5,1.9,33371,5.1,7.6,6.0,6.4,5.9,5.9,7.3,7.0,6.6,7.5,7.6,5.8,7.9,5.9,2.5,1.9,2.2,0.9
2252,Walker County,Georgia,False,2012,34451,5.4,6.0,7.0,6.0,6.0,5.0,5.9,8.4,5.0,6.4,6.9,8.5,5.6,5.6,4.3,3.1,2.6,2.3,33643,6.0,8.5,4.5,6.6,5.3,5.2,6.1,7.4,6.7,9.0,7.2,8.9,5.0,5.4,3.0,1.9,1.1,2.3
3034,Walker County,Georgia,False,2013,34862,5.6,4.6,6.2,6.1,6.7,5.7,5.7,5.5,6.4,6.2,8.1,7.3,7.2,7.3,3.2,3.4,1.7,3.4,33336,6.0,6.7,6.7,8.0,4.4,6.8,6.1,6.1,7.4,6.9,7.7,8.1,5.2,5.3,3.6,2.8,2.0,0.3
3864,Walker County,Georgia,False,2014,34504,4.9,5.3,6.6,6.2,6.1,5.8,5.9,6.1,6.3,7.4,6.9,8.5,5.1,6.9,4.2,3.9,2.0,1.9,33714,6.8,5.7,7.3,8.7,4.7,5.7,5.6,6.2,7.2,6.3,7.8,7.5,5.6,6.2,3.3,2.3,1.5,1.7
4160,Walker County,Georgia,False,2015,34166,5.3,6.5,4.7,6.4,4.8,6.3,5.6,8.3,4.0,7.2,7.2,6.1,8.2,6.1,4.6,4.2,2.9,1.6,33900,5.4,8.8,4.5,8.0,7.0,6.1,5.3,7.8,5.7,6.2,7.7,6.6,6.7,4.9,4.1,3.2,1.1,1.1
309,Walton County,Georgia,True,2010,43827,7.4,7.3,8.5,5.9,5.4,5.1,5.9,6.4,8.8,7.8,6.7,6.6,4.4,5.1,2.4,2.4,2.1,1.9,40177,6.6,6.3,9.3,6.9,7.1,4.6,6.0,5.9,8.4,8.0,7.6,6.7,5.9,3.9,2.9,2.1,0.4,1.3
1383,Walton County,Georgia,True,2011,42123,5.1,5.9,6.7,8.2,4.7,6.2,6.4,6.7,7.7,8.9,6.4,6.7,5.5,5.7,2.4,3.0,2.5,1.1,42457,5.9,8.9,8.7,8.3,5.4,5.5,4.7,6.9,6.9,9.7,6.5,7.8,3.7,5.2,2.2,2.8,0.7,0.1
2253,Walton County,Georgia,True,2012,44720,5.4,8.5,7.4,7.3,4.6,5.4,7.3,6.2,9.2,7.1,5.7,6.0,5.1,4.1,3.6,1.9,1.7,3.5,39855,6.1,8.2,7.8,5.2,5.6,7.1,6.6,5.0,9.7,7.3,7.1,5.5,6.3,4.3,4.0,2.1,1.4,0.6
3035,Walton County,Georgia,True,2013,46502,7.1,6.3,7.9,6.3,6.6,4.4,5.7,7.3,7.2,6.4,7.2,5.3,7.6,4.2,3.7,2.5,1.7,2.5,39252,6.1,7.4,7.3,8.7,6.2,5.4,6.6,4.4,9.5,7.3,8.2,6.7,4.1,3.8,4.4,2.9,1.1,0.1
3865,Walton County,Georgia,True,2014,44936,6.1,6.1,8.3,5.8,6.4,5.7,6.4,7.4,6.6,6.8,7.0,7.1,4.8,5.0,3.8,3.2,1.5,1.9,42679,6.3,8.5,7.3,7.2,6.7,4.9,6.7,6.4,6.4,8.1,6.9,6.5,5.3,4.5,4.1,2.2,1.5,0.5
4161,Walton County,Georgia,True,2015,44616,6.0,5.1,7.8,6.7,5.6,6.5,5.6,5.4,7.2,7.8,7.9,6.2,5.7,5.2,3.9,3.3,1.9,2.0,43783,6.1,7.3,9.4,8.2,6.0,5.5,6.2,5.7,6.6,6.9,7.3,5.5,6.1,4.8,4.0,2.1,1.3,0.9
310,Whitfield County,Georgia,True,2010,51865,7.6,8.0,8.3,6.3,6.8,6.6,5.5,6.3,8.3,6.2,6.7,6.3,4.9,3.9,2.8,2.2,0.9,2.4,51069,7.7,8.8,7.8,7.0,7.1,7.3,6.3,7.9,7.1,7.0,6.2,6.6,3.7,2.9,3.1,1.7,1.0,0.7
1384,Whitfield County,Georgia,True,2011,51388,7.4,8.0,7.9,6.9,6.7,6.4,6.6,6.8,6.2,7.4,6.2,6.5,4.3,4.2,2.0,3.7,1.4,1.4,51796,8.2,7.7,8.7,7.3,7.1,6.8,7.1,5.3,9.1,6.5,6.0,6.0,5.1,4.3,1.5,2.2,1.0,0.3
2254,Whitfield County,Georgia,True,2012,51303,7.2,6.9,8.6,7.0,6.5,6.6,6.3,6.0,7.0,6.4,7.0,5.7,4.9,3.6,3.3,2.9,1.8,2.2,52056,8.2,6.8,9.4,7.6,8.3,6.1,6.8,6.7,6.3,6.6,7.1,5.5,4.3,3.3,3.3,1.1,1.5,1.2
3036,Whitfield County,Georgia,True,2013,51931,6.9,7.1,7.7,7.4,8.3,4.7,6.6,6.1,7.1,7.1,5.8,6.4,4.9,3.7,3.7,2.3,2.0,2.4,51014,7.6,7.7,8.8,6.3,8.0,6.7,6.6,5.6,8.5,6.3,6.3,6.8,4.0,3.6,3.1,2.6,0.7,0.8
3866,Whitfield County,Georgia,True,2014,52953,7.8,8.0,6.6,7.6,7.2,5.3,6.2,7.4,6.1,7.1,5.8,7.1,3.8,3.6,3.9,3.8,1.3,1.3,50589,6.5,7.1,8.5,8.1,7.9,6.1,7.0,5.9,7.6,6.8,6.5,6.4,4.3,3.9,2.8,2.6,1.4,0.5
4162,Whitfield County,Georgia,True,2015,52633,6.0,8.1,6.8,7.0,7.0,7.5,6.5,5.9,7.6,5.5,6.9,6.1,5.1,4.7,2.8,3.5,1.7,1.3,51583,8.4,8.1,7.3,7.2,6.7,6.5,7.2,7.3,5.6,6.7,6.8,6.3,5.2,3.4,3.5,1.8,1.5,0.5
